102,77
0,0,1,0
0,1,0,0
0,2,1,2,0,1
0,3,1,3,0,2
0,4,1,4,0,3
0,5,0,4
0,6,0,5
0,7,0,6
0,8,0,7
0,9,0,8
0,10,0,9
0,11,0,10
0,12,1,12,0,11
0,13,1,13,0,12
0,14,1,14,0,13
0,15,0,14
0,16,0,15
0,17,0,16
0,18,0,17
0,19,0,18
0,20,0,19
0,21,0,20
0,22,1,22,0,21
0,23,1,23,0,22
0,24,1,24,0,23
0,25,0,24
0,26,0,25
0,27,0,26
0,28,0,27
0,29,0,28
0,30,0,29
0,31,1,31,0,30
0,32,1,32,0,31
0,33,1,33,0,32
0,34,0,33
0,35,0,34
0,36,0,35
0,37,0,36
0,38,0,37
0,39,0,38
0,40,1,40,0,39
0,41,1,41,0,40
0,42,0,41
0,43,0,42
0,44,0,43
0,45,1,45,0,44
0,46,1,46,0,45
0,47,1,47,0,46
0,48,0,47
0,49,0,48
0,50,0,49
0,51,0,50
0,52,0,51
0,53,0,52
0,54,0,53
0,55,1,55,0,54
0,56,1,56,0,55
0,57,1,57,0,56
0,58,0,57
0,59,0,58
0,60,0,59
0,61,0,60
0,62,0,61
0,63,0,62
0,64,0,63
0,65,0,64
0,66,1,66,0,65
0,67,1,67,0,66
0,68,1,68,0,67
0,69,0,68
0,70,0,69
0,71,0,70
0,72,0,71
0,73,0,72
0,74,0,73
0,75,1,75,0,74
1,0,0,0,2,0
1,1,1,0
1,2,2,2,1,1
1,3,2,3,1,2
1,4,2,4,1,3
1,5,1,4
1,6,1,5
1,7,0,7,1,6
1,8,0,8,1,7
1,9,0,9,1,8
1,10,1,9
1,11,1,10
1,12,2,12,1,11
1,13,2,13,1,12
1,14,2,14,1,13
1,15,1,14
1,16,1,15
1,17,0,17,1,16
1,18,0,18,1,17
1,19,0,19,1,18
1,20,1,19
1,21,1,20
1,22,2,22,1,21
1,23,2,23,1,22
1,24,2,24,1,23
1,25,1,24
1,26,1,25
1,27,0,27,1,26
1,28,0,28,1,27
1,29,0,29,1,28
1,30,1,29
1,31,2,31,1,30
1,32,2,32,1,31
1,33,2,33,1,32
1,34,1,33
1,35,1,34
1,36,0,36,1,35
1,37,0,37,1,36
1,38,0,38,1,37
1,39,1,38
1,40,2,40,1,39
1,41,2,41,1,40
1,42,0,42,1,41
1,43,1,42
1,44,1,43
1,45,2,45,1,44
1,46,2,46,1,45
1,47,2,47,1,46
1,48,1,47
1,49,1,48
1,50,0,50,1,49
1,51,0,51,1,50
1,52,0,52,1,51
1,53,1,52
1,54,1,53
1,55,2,55,1,54
1,56,2,56,1,55
1,57,2,57,1,56
1,58,1,57
1,59,1,58
1,60,0,60,1,59
1,61,0,61,1,60
1,62,0,62,1,61
1,63,1,62
1,64,1,63
1,65,1,64
1,66,2,66,1,65
1,67,2,67,1,66
1,68,2,68,1,67
1,69,1,68
1,70,1,69
1,71,0,71,1,70
1,72,0,72,1,71
1,73,0,73,1,72
1,74,1,73
1,75,0,75,2,75,1,74
2,0,1,0,3,0
2,1,2,0
2,2,3,2,2,1
2,3,3,3,2,2
2,4,3,4,2,3
2,5,2,4
2,6,2,5
2,7,1,7,2,6
2,8,1,8,2,7
2,9,1,9,2,8
2,10,2,9
2,11,2,10
2,12,3,12,2,11
2,13,3,13,2,12
2,14,3,14,2,13
2,15,2,14
2,16,2,15
2,17,1,17,2,16
2,18,1,18,2,17
2,19,1,19,2,18
2,20,2,19
2,21,2,20
2,22,3,22,2,21
2,23,3,23,2,22
2,24,3,24,2,23
2,25,2,24
2,26,2,25
2,27,1,27,2,26
2,28,1,28,2,27
2,29,1,29,2,28
2,30,2,29
2,31,3,31,2,30
2,32,3,32,2,31
2,33,3,33,2,32
2,34,2,33
2,35,2,34
2,36,1,36,2,35
2,37,1,37,2,36
2,38,1,38,2,37
2,39,2,38
2,40,3,40,2,39
2,41,3,41,2,40
2,42,1,42,2,41
2,43,2,42
2,44,2,43
2,45,3,45,2,44
2,46,3,46,2,45
2,47,3,47,2,46
2,48,2,47
2,49,2,48
2,50,1,50,2,49
2,51,1,51,2,50
2,52,1,52,2,51
2,53,2,52
2,54,2,53
2,55,3,55,2,54
2,56,3,56,2,55
2,57,3,57,2,56
2,58,2,57
2,59,2,58
2,60,1,60,2,59
2,61,1,61,2,60
2,62,1,62,2,61
2,63,2,62
2,64,2,63
2,65,2,64
2,66,3,66,2,65
2,67,3,67,2,66
2,68,3,68,2,67
2,69,2,68
2,70,2,69
2,71,1,71,2,70
2,72,1,72,2,71
2,73,1,73,2,72
2,74,2,73
2,75,1,75,3,75,2,74
3,0,2,0,4,0,3,1
3,1,3,2
3,2,4,2,3,3
3,3,4,3,3,4
3,4,4,4,3,5
3,5,3,6
3,6,3,7
3,7,2,7,3,8
3,8,2,8,3,9
3,9,2,9,3,10
3,10,3,11
3,11,3,12
3,12,4,12,3,13
3,13,4,13,3,14
3,14,4,14,3,15
3,15,3,16
3,16,3,17
3,17,2,17,3,18
3,18,2,18,3,19
3,19,2,19,3,20
3,20,3,21
3,21,3,22
3,22,4,22,3,23
3,23,4,23,3,24
3,24,4,24,3,25
3,25,3,26
3,26,3,27
3,27,2,27,3,28
3,28,2,28,3,29
3,29,2,29,3,30
3,30,3,31
3,31,4,31,3,32
3,32,4,32,3,33
3,33,4,33,3,34
3,34,3,35
3,35,3,36
3,36,2,36,3,37
3,37,2,37,3,38
3,38,2,38,3,39
3,39,3,40
3,40,4,40,3,41
3,41,4,41,3,42
3,42,2,42,3,43
3,43,3,44
3,44,3,45
3,45,4,45,3,46
3,46,4,46,3,47
3,47,4,47,3,48
3,48,3,49
3,49,3,50
3,50,2,50,3,51
3,51,2,51,3,52
3,52,2,52,3,53
3,53,3,54
3,54,3,55
3,55,4,55,3,56
3,56,4,56,3,57
3,57,4,57,3,58
3,58,3,59
3,59,3,60
3,60,2,60,3,61
3,61,2,61,3,62
3,62,2,62,3,63
3,63,3,64
3,64,3,65
3,65,3,66
3,66,4,66,3,67
3,67,4,67,3,68
3,68,4,68,3,69
3,69,3,70
3,70,3,71
3,71,2,71,3,72
3,72,2,72,3,73
3,73,2,73,3,74
3,74,3,75
3,75,2,75,4,75
4,0,3,0,5,0,4,1
4,1,4,2
4,2,5,2,4,3
4,3,5,3,4,4
4,4,5,4,4,5
4,5,4,6
4,6,4,7
4,7,3,7,4,8
4,8,3,8,4,9
4,9,3,9,4,10
4,10,4,11
4,11,4,12
4,12,5,12,4,13
4,13,5,13,4,14
4,14,5,14,4,15
4,15,4,16
4,16,4,17
4,17,3,17,4,18
4,18,3,18,4,19
4,19,3,19,4,20
4,20,4,21
4,21,4,22
4,22,5,22,4,23
4,23,5,23,4,24
4,24,5,24,4,25
4,25,4,26
4,26,4,27
4,27,3,27,4,28
4,28,3,28,4,29
4,29,3,29,4,30
4,30,4,31
4,31,5,31,4,32
4,32,5,32,4,33
4,33,5,33,4,34
4,34,4,35
4,35,4,36
4,36,3,36,4,37
4,37,3,37,4,38
4,38,3,38,4,39
4,39,4,40
4,40,5,40,4,41
4,41,5,41,4,42
4,42,3,42,4,43
4,43,4,44
4,44,4,45
4,45,5,45,4,46
4,46,5,46,4,47
4,47,5,47,4,48
4,48,4,49
4,49,4,50
4,50,3,50,4,51
4,51,3,51,4,52
4,52,3,52,4,53
4,53,4,54
4,54,4,55
4,55,5,55,4,56
4,56,5,56,4,57
4,57,5,57,4,58
4,58,4,59
4,59,4,60
4,60,3,60,4,61
4,61,3,61,4,62
4,62,3,62,4,63
4,63,4,64
4,64,4,65
4,65,4,66
4,66,5,66,4,67
4,67,5,67,4,68
4,68,5,68,4,69
4,69,4,70
4,70,4,71
4,71,3,71,4,72
4,72,3,72,4,73
4,73,3,73,4,74
4,74,4,75
4,75,3,75,5,75
5,0,4,0,6,0,5,1
5,1,5,2
5,2,6,2,5,3
5,3,6,3,5,4
5,4,6,4,5,5
5,5,5,6
5,6,5,7
5,7,4,7,5,8
5,8,4,8,5,9
5,9,4,9,5,10
5,10,5,11
5,11,5,12
5,12,6,12,5,13
5,13,6,13,5,14
5,14,6,14,5,15
5,15,5,16
5,16,5,17
5,17,4,17,5,18
5,18,4,18,5,19
5,19,4,19,5,20
5,20,5,21
5,21,5,22
5,22,6,22,5,23
5,23,6,23,5,24
5,24,6,24,5,25
5,25,5,26
5,26,5,27
5,27,4,27,5,28
5,28,4,28,5,29
5,29,4,29,5,30
5,30,5,31
5,31,5,32
5,32,6,32,5,33
5,33,6,33,5,34
5,34,5,35
5,35,5,36
5,36,4,36,5,37
5,37,4,37,5,38
5,38,4,38,5,39
5,39,5,40
5,40,6,40,5,41
5,41,6,41,5,42
5,42,4,42,5,43
5,43,5,44
5,44,5,45
5,45,6,45,5,46
5,46,6,46,5,47
5,47,6,47,5,48
5,48,5,49
5,49,5,50
5,50,4,50,5,51
5,51,4,51,5,52
5,52,4,52,5,53
5,53,5,54
5,54,5,55
5,55,6,55,5,56
5,56,6,56,5,57
5,57,6,57,5,58
5,58,5,59
5,59,5,60
5,60,4,60,5,61
5,61,4,61,5,62
5,62,4,62,5,63
5,63,5,64
5,64,5,65
5,65,5,66
5,66,6,66,5,67
5,67,6,67,5,68
5,68,6,68,5,69
5,69,5,70
5,70,5,71
5,71,4,71,5,72
5,72,4,72,5,73
5,73,4,73,5,74
5,74,5,75
5,75,4,75,6,75
6,0,5,0,7,0
6,2,7,2
6,3,7,3
6,4,7,4
6,7,5,7
6,8,5,8
6,9,5,9
6,12,7,12
6,13,7,13
6,14,7,14
6,17,5,17
6,18,5,18
6,19,5,19
6,22,7,22
6,23,7,23
6,24,7,24
6,27,5,27
6,28,5,28
6,29,5,29
6,32,7,32
6,33,7,33
6,36,5,36
6,37,5,37
6,38,5,38
6,40,7,40
6,41,7,41
6,42,5,42
6,45,7,45
6,46,7,46
6,47,7,47
6,50,5,50
6,51,5,51
6,52,5,52
6,55,7,55
6,56,7,56
6,57,7,57
6,60,5,60
6,61,5,61
6,62,5,62
6,66,7,66
6,67,7,67
6,68,7,68
6,71,5,71
6,72,5,72
6,73,5,73
6,75,5,75,7,75
7,0,6,0,8,0
7,2,8,2
7,3,8,3
7,4,8,4
7,7,6,7
7,8,6,8
7,9,6,9
7,12,8,12
7,13,8,13
7,14,8,14
7,17,6,17
7,18,6,18
7,19,6,19
7,22,8,22
7,23,8,23
7,24,8,24
7,27,6,27
7,28,6,28
7,29,6,29
7,32,8,32
7,33,8,33
7,36,6,36
7,37,6,37
7,38,6,38
7,40,8,40
7,41,8,41
7,42,6,42
7,45,8,45
7,46,8,46
7,47,8,47
7,50,6,50
7,51,6,51
7,52,6,52
7,55,8,55
7,56,8,56
7,57,8,57
7,60,6,60
7,61,6,61
7,62,6,62
7,66,8,66
7,67,8,67
7,68,8,68
7,71,6,71
7,72,6,72
7,73,6,73
7,75,6,75,8,75
8,0,7,0,9,0
8,2,9,2
8,3,9,3
8,4,9,4
8,7,7,7
8,8,7,8
8,9,7,9
8,12,9,12
8,13,9,13
8,14,9,14
8,17,7,17
8,18,7,18
8,19,7,19
8,22,9,22
8,23,9,23
8,24,9,24
8,27,7,27
8,28,7,28
8,29,7,29
8,32,9,32
8,33,9,33
8,36,7,36
8,37,7,37
8,38,7,38
8,40,9,40
8,41,9,41
8,42,7,42
8,45,9,45
8,46,9,46
8,47,9,47
8,50,7,50
8,51,7,51
8,52,7,52
8,55,9,55
8,56,9,56
8,57,9,57
8,60,7,60
8,61,7,61
8,62,7,62
8,66,9,66
8,67,9,67
8,68,9,68
8,71,7,71
8,72,7,72
8,73,7,73
8,75,7,75,9,75
9,0,8,0,10,0
9,2,10,2
9,3,10,3
9,4,10,4
9,7,8,7
9,8,8,8
9,9,8,9
9,12,10,12
9,13,10,13
9,14,10,14
9,17,8,17
9,18,8,18
9,19,8,19
9,22,10,22
9,23,10,23
9,24,10,24
9,27,8,27
9,28,8,28
9,29,8,29
9,32,10,32
9,33,10,33
9,36,8,36
9,37,8,37
9,38,8,38
9,40,10,40
9,41,10,41
9,42,8,42
9,45,10,45
9,46,10,46
9,47,10,47
9,50,8,50
9,51,8,51
9,52,8,52
9,55,10,55
9,56,10,56
9,57,10,57
9,60,8,60
9,61,8,61
9,62,8,62
9,66,10,66
9,67,10,67
9,68,10,68
9,71,8,71
9,72,8,72
9,73,8,73
9,75,8,75,10,75
10,0,9,0,11,0
10,2,11,2
10,3,11,3
10,4,11,4
10,7,9,7
10,8,9,8
10,9,9,9
10,12,11,12
10,13,11,13
10,14,11,14
10,17,9,17
10,18,9,18
10,19,9,19
10,22,11,22
10,23,11,23
10,24,11,24
10,27,9,27
10,28,9,28
10,29,9,29
10,32,11,32
10,33,11,33
10,36,9,36
10,37,9,37
10,38,9,38
10,40,11,40
10,41,11,41
10,42,9,42
10,45,11,45
10,46,11,46
10,47,11,47
10,50,9,50
10,51,9,51
10,52,9,52
10,55,11,55
10,56,11,56
10,57,11,57
10,60,9,60
10,61,9,61
10,62,9,62
10,66,11,66
10,67,11,67
10,68,11,68
10,71,9,71
10,72,9,72
10,73,9,73
10,75,9,75,11,75
11,0,10,0,12,0
11,2,12,2
11,3,12,3
11,4,12,4
11,7,10,7
11,8,10,8
11,9,10,9
11,12,12,12
11,13,12,13
11,14,12,14
11,17,10,17
11,18,10,18
11,19,10,19
11,22,12,22
11,23,12,23
11,24,12,24
11,27,10,27
11,28,10,28
11,29,10,29
11,32,12,32
11,33,12,33
11,36,10,36
11,37,10,37
11,38,10,38
11,40,12,40
11,41,12,41
11,42,10,42
11,45,12,45
11,46,12,46
11,47,12,47
11,50,10,50
11,51,10,51
11,52,10,52
11,55,12,55
11,56,12,56
11,57,12,57
11,60,10,60
11,61,10,61
11,62,10,62
11,66,12,66
11,67,12,67
11,68,12,68
11,71,10,71
11,72,10,72
11,73,10,73
11,75,10,75,12,75
12,0,11,0,13,0
12,2,13,2
12,3,13,3
12,4,13,4
12,7,11,7
12,8,11,8
12,9,11,9
12,12,13,12
12,13,13,13
12,14,13,14
12,17,11,17
12,18,11,18
12,19,11,19
12,22,13,22
12,23,13,23
12,24,13,24
12,27,11,27
12,28,11,28
12,29,11,29
12,32,13,32
12,33,13,33
12,36,11,36
12,37,11,37
12,38,11,38
12,40,13,40
12,41,13,41
12,42,11,42
12,45,13,45
12,46,13,46
12,47,13,47
12,50,11,50
12,51,11,51
12,52,11,52
12,55,13,55
12,56,13,56
12,57,13,57
12,60,11,60
12,61,11,61
12,62,11,62
12,66,13,66
12,67,13,67
12,68,13,68
12,71,11,71
12,72,11,72
12,73,11,73
12,75,11,75,13,75
13,0,12,0,14,0
13,2,14,2
13,3,14,3
13,4,14,4
13,7,12,7
13,8,12,8
13,9,12,9
13,12,14,12
13,13,14,13
13,14,14,14
13,17,12,17
13,18,12,18
13,19,12,19
13,22,14,22
13,23,14,23
13,24,14,24
13,27,12,27
13,28,12,28
13,29,12,29
13,32,14,32
13,33,14,33
13,36,12,36
13,37,12,37
13,38,12,38
13,40,14,40
13,41,14,41
13,42,12,42
13,45,14,45
13,46,14,46
13,47,14,47
13,50,12,50
13,51,12,51
13,52,12,52
13,55,14,55
13,56,14,56
13,57,14,57
13,60,12,60
13,61,12,61
13,62,12,62
13,66,14,66
13,67,14,67
13,68,14,68
13,71,12,71
13,72,12,72
13,73,12,73
13,75,12,75,14,75
14,0,13,0,15,0
14,2,15,2
14,3,15,3
14,4,15,4
14,7,13,7
14,8,13,8
14,9,13,9
14,12,15,12
14,13,15,13
14,14,15,14
14,17,13,17
14,18,13,18
14,19,13,19
14,22,15,22
14,23,15,23
14,24,15,24
14,27,13,27
14,28,13,28
14,29,13,29
14,32,15,32
14,33,15,33
14,36,13,36
14,37,13,37
14,38,13,38
14,40,15,40
14,41,15,41
14,42,13,42
14,45,15,45
14,46,15,46
14,47,15,47
14,50,13,50
14,51,13,51
14,52,13,52
14,55,15,55
14,56,15,56
14,57,15,57
14,60,13,60
14,61,13,61
14,62,13,62
14,66,15,66
14,67,15,67
14,68,15,68
14,71,13,71
14,72,13,72
14,73,13,73
14,75,13,75,15,75
15,0,14,0,16,0
15,2,16,2
15,3,16,3
15,4,16,4
15,7,14,7
15,8,14,8
15,9,14,9
15,12,16,12
15,13,16,13
15,14,16,14
15,17,14,17
15,18,14,18
15,19,14,19
15,22,16,22
15,23,16,23
15,24,16,24
15,27,14,27
15,28,14,28
15,29,14,29
15,32,16,32
15,33,16,33
15,36,14,36
15,37,14,37
15,38,14,38
15,40,16,40
15,41,16,41
15,42,14,42
15,45,16,45
15,46,16,46
15,47,16,47
15,50,14,50
15,51,14,51
15,52,14,52
15,55,16,55
15,56,16,56
15,57,16,57
15,60,14,60
15,61,14,61
15,62,14,62
15,66,16,66
15,67,16,67
15,68,16,68
15,71,14,71
15,72,14,72
15,73,14,73
15,75,14,75,16,75
16,0,15,0,17,0
16,2,17,2
16,3,17,3
16,4,17,4
16,7,15,7
16,8,15,8
16,9,15,9
16,12,17,12
16,13,17,13
16,14,17,14
16,17,15,17
16,18,15,18
16,19,15,19
16,22,17,22
16,23,17,23
16,24,17,24
16,27,15,27
16,28,15,28
16,29,15,29
16,32,17,32
16,33,17,33
16,36,15,36
16,37,15,37
16,38,15,38
16,40,17,40
16,41,17,41
16,42,15,42
16,45,17,45
16,46,17,46
16,47,17,47
16,50,15,50
16,51,15,51
16,52,15,52
16,55,17,55
16,56,17,56
16,57,17,57
16,60,15,60
16,61,15,61
16,62,15,62
16,66,17,66
16,67,17,67
16,68,17,68
16,71,15,71
16,72,15,72
16,73,15,73
16,75,15,75,17,75
17,0,16,0,18,0
17,2,18,2
17,3,18,3
17,4,18,4
17,7,16,7
17,8,16,8
17,9,16,9
17,12,18,12
17,13,18,13
17,14,18,14
17,17,16,17
17,18,16,18
17,19,16,19
17,22,18,22
17,23,18,23
17,24,18,24
17,27,16,27
17,28,16,28
17,29,16,29
17,32,18,32
17,33,18,33
17,36,16,36
17,37,16,37
17,38,16,38
17,40,18,40
17,41,18,41
17,42,16,42
17,45,18,45
17,46,18,46
17,47,18,47
17,50,16,50
17,51,16,51
17,52,16,52
17,55,18,55
17,56,18,56
17,57,18,57
17,60,16,60
17,61,16,61
17,62,16,62
17,66,18,66
17,67,18,67
17,68,18,68
17,71,16,71
17,72,16,72
17,73,16,73
17,75,16,75,18,75
18,0,17,0,19,0
18,2,19,2
18,3,19,3
18,4,19,4
18,7,17,7
18,8,17,8
18,9,17,9
18,12,19,12
18,13,19,13
18,14,19,14
18,17,17,17
18,18,17,18
18,19,17,19
18,22,19,22
18,23,19,23
18,24,19,24
18,27,17,27
18,28,17,28
18,29,17,29
18,32,19,32
18,33,19,33
18,36,17,36
18,37,17,37
18,38,17,38
18,40,19,40
18,41,19,41
18,42,17,42
18,45,19,45
18,46,19,46
18,47,19,47
18,50,17,50
18,51,17,51
18,52,17,52
18,55,19,55
18,56,19,56
18,57,19,57
18,60,17,60
18,61,17,61
18,62,17,62
18,66,19,66
18,67,19,67
18,68,19,68
18,71,17,71
18,72,17,72
18,73,17,73
18,75,17,75,19,75
19,0,18,0,20,0
19,2,20,2
19,3,20,3
19,4,20,4
19,7,18,7
19,8,18,8
19,9,18,9
19,12,20,12
19,13,20,13
19,14,20,14
19,17,18,17
19,18,18,18
19,19,18,19
19,22,20,22
19,23,20,23
19,24,20,24
19,27,18,27
19,28,18,28
19,29,18,29
19,32,20,32
19,33,20,33
19,36,18,36
19,37,18,37
19,38,18,38
19,40,20,40
19,41,20,41
19,42,18,42
19,45,20,45
19,46,20,46
19,47,20,47
19,50,18,50
19,51,18,51
19,52,18,52
19,55,20,55
19,56,20,56
19,57,20,57
19,60,18,60
19,61,18,61
19,62,18,62
19,66,20,66
19,67,20,67
19,68,20,68
19,71,18,71
19,72,18,72
19,73,18,73
19,75,18,75,20,75
20,0,19,0,21,0
20,2,21,2
20,3,21,3
20,4,21,4
20,7,19,7
20,8,19,8
20,9,19,9
20,12,21,12
20,13,21,13
20,14,21,14
20,17,19,17
20,18,19,18
20,19,19,19
20,22,21,22
20,23,21,23
20,24,21,24
20,27,19,27
20,28,19,28
20,29,19,29
20,32,21,32
20,33,21,33
20,36,19,36
20,37,19,37
20,38,19,38
20,40,21,40
20,41,21,41
20,42,19,42
20,45,21,45
20,46,21,46
20,47,21,47
20,50,19,50
20,51,19,51
20,52,19,52
20,55,21,55
20,56,21,56
20,57,21,57
20,60,19,60
20,61,19,61
20,62,19,62
20,66,21,66
20,67,21,67
20,68,21,68
20,71,19,71
20,72,19,72
20,73,19,73
20,75,19,75,21,75
21,0,20,0,22,0
21,2,22,2
21,3,22,3
21,4,22,4
21,7,20,7
21,8,20,8
21,9,20,9
21,12,22,12
21,13,22,13
21,14,22,14
21,17,20,17
21,18,20,18
21,19,20,19
21,22,22,22
21,23,22,23
21,24,22,24
21,27,20,27
21,28,20,28
21,29,20,29
21,32,22,32
21,33,22,33
21,36,20,36
21,37,20,37
21,38,20,38
21,40,22,40
21,41,22,41
21,42,20,42
21,45,22,45
21,46,22,46
21,47,22,47
21,50,20,50
21,51,20,51
21,52,20,52
21,55,22,55
21,56,22,56
21,57,22,57
21,60,20,60
21,61,20,61
21,62,20,62
21,66,22,66
21,67,22,67
21,68,22,68
21,71,20,71
21,72,20,72
21,73,20,73
21,75,20,75,22,75
22,0,21,0,23,0
22,2,23,2
22,3,23,3
22,4,23,4
22,7,21,7
22,8,21,8
22,9,21,9
22,12,23,12
22,13,23,13
22,14,23,14
22,17,21,17
22,18,21,18
22,19,21,19
22,22,23,22
22,23,23,23
22,24,23,24
22,27,21,27
22,28,21,28
22,29,21,29
22,32,23,32
22,33,23,33
22,36,21,36
22,37,21,37
22,38,21,38
22,40,23,40
22,41,23,41
22,42,21,42
22,45,23,45
22,46,23,46
22,47,23,47
22,50,21,50
22,51,21,51
22,52,21,52
22,55,23,55
22,56,23,56
22,57,23,57
22,60,21,60
22,61,21,61
22,62,21,62
22,66,23,66
22,67,23,67
22,68,23,68
22,71,21,71
22,72,21,72
22,73,21,73
22,75,21,75,23,75
23,0,22,0,24,0
23,2,24,2
23,3,24,3
23,4,24,4
23,7,22,7
23,8,22,8
23,9,22,9
23,12,24,12
23,13,24,13
23,14,24,14
23,17,22,17
23,18,22,18
23,19,22,19
23,22,24,22
23,23,24,23
23,24,24,24
23,27,22,27
23,28,22,28
23,29,22,29
23,32,24,32
23,33,24,33
23,36,22,36
23,37,22,37
23,38,22,38
23,40,24,40
23,41,24,41
23,42,22,42
23,45,24,45
23,46,24,46
23,47,24,47
23,50,22,50
23,51,22,51
23,52,22,52
23,55,24,55
23,56,24,56
23,57,24,57
23,60,22,60
23,61,22,61
23,62,22,62
23,66,24,66
23,67,24,67
23,68,24,68
23,71,22,71
23,72,22,72
23,73,22,73
23,75,22,75,24,75
24,0,23,0,25,0
24,1,24,0
24,2,25,2,24,1
24,3,25,3,24,2
24,4,25,4,24,3
24,5,24,4
24,6,24,5
24,7,23,7,24,6
24,8,23,8,24,7
24,9,23,9,24,8
24,10,24,9
24,11,24,10
24,12,25,12,24,11
24,13,25,13,24,12
24,14,25,14,24,13
24,15,24,14
24,16,24,15
24,17,23,17,24,16
24,18,23,18,24,17
24,19,23,19,24,18
24,20,24,19
24,21,24,20
24,22,25,22,24,21
24,23,25,23,24,22
24,24,25,24,24,23
24,25,24,24
24,26,24,25
24,27,23,27,24,26
24,28,23,28,24,27
24,29,23,29,24,28
24,30,24,29
24,31,25,31,24,30
24,32,25,32,24,31
24,33,25,33,24,32
24,34,24,33
24,35,24,34
24,36,23,36,24,35
24,37,23,37,24,36
24,38,23,38,24,37
24,39,24,38
24,40,25,40,24,39
24,41,25,41,24,40
24,42,23,42,24,41
24,43,24,42
24,44,24,43
24,45,25,45,24,44
24,46,25,46,24,45
24,47,25,47,24,46
24,48,24,47
24,49,24,48
24,50,23,50,24,49
24,51,23,51,24,50
24,52,23,52,24,51
24,53,24,52
24,54,24,53
24,55,25,55,24,54
24,56,25,56,24,55
24,57,25,57,24,56
24,58,24,57
24,59,24,58
24,60,23,60,24,59
24,61,23,61,24,60
24,62,23,62,24,61
24,63,24,62
24,64,24,63
24,65,24,64
24,66,25,66,24,65
24,67,25,67,24,66
24,68,25,68,24,67
24,69,24,68
24,70,24,69
24,71,23,71,24,70
24,72,23,72,24,71
24,73,23,73,24,72
24,74,24,73
24,75,23,75,25,75,24,74
25,0,24,0,26,0
25,1,25,0
25,2,26,2,25,1
25,3,26,3,25,2
25,4,26,4,25,3
25,5,25,4
25,6,25,5
25,7,24,7,25,6
25,8,24,8,25,7
25,9,24,9,25,8
25,10,25,9
25,11,25,10
25,12,26,12,25,11
25,13,26,13,25,12
25,14,26,14,25,13
25,15,25,14
25,16,25,15
25,17,24,17,25,16
25,18,24,18,25,17
25,19,24,19,25,18
25,20,25,19
25,21,25,20
25,22,26,22,25,21
25,23,26,23,25,22
25,24,26,24,25,23
25,25,25,24
25,26,25,25
25,27,24,27,25,26
25,28,24,28,25,27
25,29,24,29,25,28
25,30,25,29
25,31,26,31,25,30
25,32,26,32,25,31
25,33,26,33,25,32
25,34,25,33
25,35,25,34
25,36,24,36,25,35
25,37,24,37,25,36
25,38,24,38,25,37
25,39,25,38
25,40,26,40,25,39
25,41,26,41,25,40
25,42,24,42,25,41
25,43,25,42
25,44,25,43
25,45,26,45,25,44
25,46,26,46,25,45
25,47,26,47,25,46
25,48,25,47
25,49,25,48
25,50,24,50,25,49
25,51,24,51,25,50
25,52,24,52,25,51
25,53,25,52
25,54,25,53
25,55,26,55,25,54
25,56,26,56,25,55
25,57,26,57,25,56
25,58,25,57
25,59,25,58
25,60,24,60,25,59
25,61,24,61,25,60
25,62,24,62,25,61
25,63,25,62
25,64,25,63
25,65,25,64
25,66,26,66,25,65
25,67,26,67,25,66
25,68,26,68,25,67
25,69,25,68
25,70,25,69
25,71,24,71,25,70
25,72,24,72,25,71
25,73,24,73,25,72
25,74,25,73
25,75,24,75,26,75,25,74
26,0,25,0,27,0
26,1,26,0
26,2,27,2,26,1
26,3,27,3,26,2
26,4,27,4,26,3
26,5,26,4
26,6,26,5
26,7,25,7,26,6
26,8,25,8,26,7
26,9,25,9,26,8
26,10,26,9
26,11,26,10
26,12,27,12,26,11
26,13,27,13,26,12
26,14,27,14,26,13
26,15,26,14
26,16,26,15
26,17,25,17,26,16
26,18,25,18,26,17
26,19,25,19,26,18
26,20,26,19
26,21,26,20
26,22,27,22,26,21
26,23,27,23,26,22
26,24,27,24,26,23
26,25,26,24
26,26,26,25
26,27,25,27,26,26
26,28,25,28,26,27
26,29,25,29,26,28
26,30,26,29
26,31,27,31,26,30
26,32,27,32,26,31
26,33,27,33,26,32
26,34,26,33
26,35,26,34
26,36,25,36,26,35
26,37,25,37,26,36
26,38,25,38,26,37
26,39,26,38
26,40,27,40,26,39
26,41,27,41,26,40
26,42,25,42,26,41
26,43,26,42
26,44,26,43
26,45,27,45,26,44
26,46,27,46,26,45
26,47,27,47,26,46
26,48,26,47
26,49,26,48
26,50,25,50,26,49
26,51,25,51,26,50
26,52,25,52,26,51
26,53,26,52
26,54,26,53
26,55,27,55,26,54
26,56,27,56,26,55
26,57,27,57,26,56
26,58,26,57
26,59,26,58
26,60,25,60,26,59
26,61,25,61,26,60
26,62,25,62,26,61
26,63,26,62
26,64,26,63
26,65,26,64
26,66,27,66,26,65
26,67,27,67,26,66
26,68,27,68,26,67
26,69,26,68
26,70,26,69
26,71,25,71,26,70
26,72,25,72,26,71
26,73,25,73,26,72
26,74,26,73
26,75,25,75,27,75,26,74
27,0,26,0,28,0,27,1
27,1,27,2
27,2,28,2,27,3
27,3,28,3,27,4
27,4,28,4,27,5
27,5,27,6
27,6,27,7
27,7,26,7,27,8
27,8,26,8,27,9
27,9,26,9,27,10
27,10,27,11
27,11,27,12
27,12,28,12,27,13
27,13,28,13,27,14
27,14,28,14,27,15
27,15,27,16
27,16,27,17
27,17,26,17,27,18
27,18,26,18,27,19
27,19,26,19,27,20
27,20,27,21
27,21,27,22
27,22,28,22,27,23
27,23,28,23,27,24
27,24,28,24,27,25
27,25,27,26
27,26,27,27
27,27,26,27,27,28
27,28,26,28,27,29
27,29,26,29,27,30
27,30,27,31
27,31,28,31,27,32
27,32,28,32,27,33
27,33,28,33,27,34
27,34,27,35
27,35,27,36
27,36,26,36,27,37
27,37,26,37,27,38
27,38,26,38,27,39
27,39,27,40
27,40,28,40,27,41
27,41,28,41,27,42
27,42,26,42,27,43
27,43,27,44
27,44,27,45
27,45,28,45,27,46
27,46,28,46,27,47
27,47,28,47,27,48
27,48,27,49
27,49,27,50
27,50,26,50,27,51
27,51,26,51,27,52
27,52,26,52,27,53
27,53,27,54
27,54,27,55
27,55,28,55,27,56
27,56,28,56,27,57
27,57,28,57,27,58
27,58,27,59
27,59,27,60
27,60,26,60,27,61
27,61,26,61,27,62
27,62,26,62,27,63
27,63,27,64
27,64,27,65
27,65,27,66
27,66,28,66,27,67
27,67,28,67,27,68
27,68,28,68,27,69
27,69,27,70
27,70,27,71
27,71,26,71,27,72
27,72,26,72,27,73
27,73,26,73,27,74
27,74,27,75
27,75,26,75,28,75
28,0,27,0,29,0,28,1
28,1,28,2
28,2,29,2,28,3
28,3,29,3,28,4
28,4,29,4,28,5
28,5,28,6
28,6,28,7
28,7,27,7,28,8
28,8,27,8,28,9
28,9,27,9,28,10
28,10,28,11
28,11,28,12
28,12,29,12,28,13
28,13,29,13,28,14
28,14,29,14,28,15
28,15,28,16
28,16,28,17
28,17,27,17,28,18
28,18,27,18,28,19
28,19,27,19,28,20
28,20,28,21
28,21,28,22
28,22,29,22,28,23
28,23,29,23,28,24
28,24,29,24,28,25
28,25,28,26
28,26,28,27
28,27,27,27,28,28
28,28,27,28,28,29
28,29,27,29,28,30
28,30,28,31
28,31,28,32
28,32,29,32,28,33
28,33,29,33,28,34
28,34,28,35
28,35,28,36
28,36,27,36,28,37
28,37,27,37,28,38
28,38,27,38,28,39
28,39,28,40
28,40,29,40,28,41
28,41,29,41,28,42
28,42,27,42,28,43
28,43,28,44
28,44,28,45
28,45,29,45,28,46
28,46,29,46,28,47
28,47,29,47,28,48
28,48,28,49
28,49,28,50
28,50,27,50,28,51
28,51,27,51,28,52
28,52,27,52,28,53
28,53,28,54
28,54,28,55
28,55,29,55,28,56
28,56,29,56,28,57
28,57,29,57,28,58
28,58,28,59
28,59,28,60
28,60,27,60,28,61
28,61,27,61,28,62
28,62,27,62,28,63
28,63,28,64
28,64,28,65
28,65,28,66
28,66,29,66,28,67
28,67,29,67,28,68
28,68,29,68,28,69
28,69,28,70
28,70,28,71
28,71,27,71,28,72
28,72,27,72,28,73
28,73,27,73,28,74
28,74,28,75
28,75,27,75,29,75
29,0,28,0,30,0
29,2,30,2
29,3,30,3
29,4,30,4
29,7,28,7
29,8,28,8
29,9,28,9
29,12,30,12
29,13,30,13
29,14,30,14
29,17,28,17
29,18,28,18
29,19,28,19
29,22,30,22
29,23,30,23
29,24,30,24
29,27,28,27
29,28,28,28
29,29,28,29
29,32,30,32
29,33,30,33
29,36,28,36
29,37,28,37
29,38,28,38
29,40,30,40
29,41,30,41
29,42,28,42
29,45,30,45
29,46,30,46
29,47,30,47
29,50,28,50
29,51,28,51
29,52,28,52
29,55,30,55
29,56,30,56
29,57,30,57
29,60,28,60
29,61,28,61
29,62,28,62
29,66,30,66
29,67,30,67
29,68,30,68
29,71,28,71
29,72,28,72
29,73,28,73
29,75,28,75,30,75
30,0,29,0,31,0
30,2,31,2
30,3,31,3
30,4,31,4
30,7,29,7
30,8,29,8
30,9,29,9
30,12,31,12
30,13,31,13
30,14,31,14
30,17,29,17
30,18,29,18
30,19,29,19
30,22,31,22
30,23,31,23
30,24,31,24
30,27,29,27
30,28,29,28
30,29,29,29
30,32,31,32
30,33,31,33
30,36,29,36
30,37,29,37
30,38,29,38
30,40,31,40
30,41,31,41
30,42,29,42
30,45,31,45
30,46,31,46
30,47,31,47
30,50,29,50
30,51,29,51
30,52,29,52
30,55,31,55
30,56,31,56
30,57,31,57
30,60,29,60
30,61,29,61
30,62,29,62
30,66,31,66
30,67,31,67
30,68,31,68
30,71,29,71
30,72,29,72
30,73,29,73
30,75,29,75,31,75
31,0,30,0,32,0
31,2,32,2
31,3,32,3
31,4,32,4
31,7,30,7
31,8,30,8
31,9,30,9
31,12,32,12
31,13,32,13
31,14,32,14
31,17,30,17
31,18,30,18
31,19,30,19
31,22,32,22
31,23,32,23
31,24,32,24
31,27,30,27
31,28,30,28
31,29,30,29
31,32,32,32
31,33,32,33
31,36,30,36
31,37,30,37
31,38,30,38
31,40,32,40
31,41,32,41
31,42,30,42
31,45,32,45
31,46,32,46
31,47,32,47
31,50,30,50
31,51,30,51
31,52,30,52
31,55,32,55
31,56,32,56
31,57,32,57
31,60,30,60
31,61,30,61
31,62,30,62
31,66,32,66
31,67,32,67
31,68,32,68
31,71,30,71
31,72,30,72
31,73,30,73
31,75,30,75,32,75
32,0,31,0,33,0
32,2,33,2
32,3,33,3
32,4,33,4
32,7,31,7
32,8,31,8
32,9,31,9
32,12,33,12
32,13,33,13
32,14,33,14
32,17,31,17
32,18,31,18
32,19,31,19
32,22,33,22
32,23,33,23
32,24,33,24
32,27,31,27
32,28,31,28
32,29,31,29
32,32,33,32
32,33,33,33
32,36,31,36
32,37,31,37
32,38,31,38
32,40,33,40
32,41,33,41
32,42,31,42
32,45,33,45
32,46,33,46
32,47,33,47
32,50,31,50
32,51,31,51
32,52,31,52
32,55,33,55
32,56,33,56
32,57,33,57
32,60,31,60
32,61,31,61
32,62,31,62
32,66,33,66
32,67,33,67
32,68,33,68
32,71,31,71
32,72,31,72
32,73,31,73
32,75,31,75,33,75
33,0,32,0,34,0
33,2,34,2
33,3,34,3
33,4,34,4
33,7,32,7
33,8,32,8
33,9,32,9
33,12,34,12
33,13,34,13
33,14,34,14
33,17,32,17
33,18,32,18
33,19,32,19
33,22,34,22
33,23,34,23
33,24,34,24
33,27,32,27
33,28,32,28
33,29,32,29
33,32,34,32
33,33,34,33
33,36,32,36
33,37,32,37
33,38,32,38
33,40,34,40
33,41,34,41
33,42,32,42
33,45,34,45
33,46,34,46
33,47,34,47
33,50,32,50
33,51,32,51
33,52,32,52
33,55,34,55
33,56,34,56
33,57,34,57
33,60,32,60
33,61,32,61
33,62,32,62
33,66,34,66
33,67,34,67
33,68,34,68
33,71,32,71
33,72,32,72
33,73,32,73
33,75,32,75,34,75
34,0,33,0,35,0
34,2,35,2
34,3,35,3
34,4,35,4
34,7,33,7
34,8,33,8
34,9,33,9
34,12,35,12
34,13,35,13
34,14,35,14
34,17,33,17
34,18,33,18
34,19,33,19
34,22,35,22
34,23,35,23
34,24,35,24
34,27,33,27
34,28,33,28
34,29,33,29
34,32,35,32
34,33,35,33
34,36,33,36
34,37,33,37
34,38,33,38
34,40,35,40
34,41,35,41
34,42,33,42
34,45,35,45
34,46,35,46
34,47,35,47
34,50,33,50
34,51,33,51
34,52,33,52
34,55,35,55
34,56,35,56
34,57,35,57
34,60,33,60
34,61,33,61
34,62,33,62
34,66,35,66
34,67,35,67
34,68,35,68
34,71,33,71
34,72,33,72
34,73,33,73
34,75,33,75,35,75
35,0,34,0,36,0
35,2,36,2
35,3,36,3
35,4,36,4
35,7,34,7
35,8,34,8
35,9,34,9
35,12,36,12
35,13,36,13
35,14,36,14
35,17,34,17
35,18,34,18
35,19,34,19
35,22,36,22
35,23,36,23
35,24,36,24
35,27,34,27
35,28,34,28
35,29,34,29
35,32,36,32
35,33,36,33
35,36,34,36
35,37,34,37
35,38,34,38
35,40,36,40
35,41,36,41
35,42,34,42
35,45,36,45
35,46,36,46
35,47,36,47
35,50,34,50
35,51,34,51
35,52,34,52
35,55,36,55
35,56,36,56
35,57,36,57
35,60,34,60
35,61,34,61
35,62,34,62
35,66,36,66
35,67,36,67
35,68,36,68
35,71,34,71
35,72,34,72
35,73,34,73
35,75,34,75,36,75
36,0,35,0,37,0
36,2,37,2
36,3,37,3
36,4,37,4
36,7,35,7
36,8,35,8
36,9,35,9
36,12,37,12
36,13,37,13
36,14,37,14
36,17,35,17
36,18,35,18
36,19,35,19
36,22,37,22
36,23,37,23
36,24,37,24
36,27,35,27
36,28,35,28
36,29,35,29
36,32,37,32
36,33,37,33
36,36,35,36
36,37,35,37
36,38,35,38
36,40,37,40
36,41,37,41
36,42,35,42
36,45,37,45
36,46,37,46
36,47,37,47
36,50,35,50
36,51,35,51
36,52,35,52
36,55,37,55
36,56,37,56
36,57,37,57
36,60,35,60
36,61,35,61
36,62,35,62
36,66,37,66
36,67,37,67
36,68,37,68
36,71,35,71
36,72,35,72
36,73,35,73
36,75,35,75,37,75
37,0,36,0,38,0
37,2,38,2
37,3,38,3
37,4,38,4
37,7,36,7
37,8,36,8
37,9,36,9
37,12,38,12
37,13,38,13
37,14,38,14
37,17,36,17
37,18,36,18
37,19,36,19
37,22,38,22
37,23,38,23
37,24,38,24
37,27,36,27
37,28,36,28
37,29,36,29
37,32,38,32
37,33,38,33
37,36,36,36
37,37,36,37
37,38,36,38
37,40,38,40
37,41,38,41
37,42,36,42
37,45,38,45
37,46,38,46
37,47,38,47
37,50,36,50
37,51,36,51
37,52,36,52
37,55,38,55
37,56,38,56
37,57,38,57
37,60,36,60
37,61,36,61
37,62,36,62
37,66,38,66
37,67,38,67
37,68,38,68
37,71,36,71
37,72,36,72
37,73,36,73
37,75,36,75,38,75
38,0,37,0,39,0
38,2,39,2
38,3,39,3
38,4,39,4
38,7,37,7
38,8,37,8
38,9,37,9
38,12,39,12
38,13,39,13
38,14,39,14
38,17,37,17
38,18,37,18
38,19,37,19
38,22,39,22
38,23,39,23
38,24,39,24
38,27,37,27
38,28,37,28
38,29,37,29
38,32,39,32
38,33,39,33
38,36,37,36
38,37,37,37
38,38,37,38
38,40,39,40
38,41,39,41
38,42,37,42
38,45,39,45
38,46,39,46
38,47,39,47
38,50,37,50
38,51,37,51
38,52,37,52
38,55,39,55
38,56,39,56
38,57,39,57
38,60,37,60
38,61,37,61
38,62,37,62
38,66,39,66
38,67,39,67
38,68,39,68
38,71,37,71
38,72,37,72
38,73,37,73
38,75,37,75,39,75
39,0,38,0,40,0
39,1,39,0
39,2,40,2,39,1
39,3,40,3,39,2
39,4,40,4,39,3
39,5,39,4
39,6,39,5
39,7,38,7,39,6
39,8,38,8,39,7
39,9,38,9,39,8
39,10,39,9
39,11,39,10
39,12,40,12,39,11
39,13,40,13,39,12
39,14,40,14,39,13
39,15,39,14
39,16,39,15
39,17,38,17,39,16
39,18,38,18,39,17
39,19,38,19,39,18
39,20,39,19
39,21,39,20
39,22,40,22,39,21
39,23,40,23,39,22
39,24,40,24,39,23
39,25,39,24
39,26,39,25
39,27,38,27,39,26
39,28,38,28,39,27
39,29,38,29,39,28
39,30,39,29
39,31,40,31,39,30
39,32,40,32,39,31
39,33,40,33,39,32
39,34,39,33
39,35,39,34
39,36,38,36,39,35
39,37,38,37,39,36
39,38,38,38,39,37
39,39,39,38
39,40,40,40,39,39
39,41,40,41,39,40
39,42,38,42,39,41
39,43,39,42
39,44,39,43
39,45,40,45,39,44
39,46,40,46,39,45
39,47,40,47,39,46
39,48,39,47
39,49,39,48
39,50,38,50,39,49
39,51,38,51,39,50
39,52,38,52,39,51
39,53,39,52
39,54,39,53
39,55,40,55,39,54
39,56,40,56,39,55
39,57,40,57,39,56
39,58,39,57
39,59,39,58
39,60,38,60,39,59
39,61,38,61,39,60
39,62,38,62,39,61
39,63,39,62
39,64,39,63
39,65,39,64
39,66,40,66,39,65
39,67,40,67,39,66
39,68,40,68,39,67
39,69,39,68
39,70,39,69
39,71,38,71,39,70
39,72,38,72,39,71
39,73,38,73,39,72
39,74,39,73
39,75,38,75,40,75,39,74
40,0,39,0,41,0
40,1,40,0
40,2,41,2,40,1
40,3,41,3,40,2
40,4,41,4,40,3
40,5,40,4
40,6,40,5
40,7,39,7,40,6
40,8,39,8,40,7
40,9,39,9,40,8
40,10,40,9
40,11,40,10
40,12,41,12,40,11
40,13,41,13,40,12
40,14,41,14,40,13
40,15,40,14
40,16,40,15
40,17,39,17,40,16
40,18,39,18,40,17
40,19,39,19,40,18
40,20,40,19
40,21,40,20
40,22,41,22,40,21
40,23,41,23,40,22
40,24,41,24,40,23
40,25,40,24
40,26,40,25
40,27,39,27,40,26
40,28,39,28,40,27
40,29,39,29,40,28
40,30,40,29
40,31,41,31,40,30
40,32,41,32,40,31
40,33,41,33,40,32
40,34,40,33
40,35,40,34
40,36,39,36,40,35
40,37,39,37,40,36
40,38,39,38,40,37
40,39,40,38
40,40,41,40,40,39
40,41,41,41,40,40
40,42,39,42,40,41
40,43,40,42
40,44,40,43
40,45,41,45,40,44
40,46,41,46,40,45
40,47,41,47,40,46
40,48,40,47
40,49,40,48
40,50,39,50,40,49
40,51,39,51,40,50
40,52,39,52,40,51
40,53,40,52
40,54,40,53
40,55,41,55,40,54
40,56,41,56,40,55
40,57,41,57,40,56
40,58,40,57
40,59,40,58
40,60,39,60,40,59
40,61,39,61,40,60
40,62,39,62,40,61
40,63,40,62
40,64,40,63
40,65,40,64
40,66,41,66,40,65
40,67,41,67,40,66
40,68,41,68,40,67
40,69,40,68
40,70,40,69
40,71,39,71,40,70
40,72,39,72,40,71
40,73,39,73,40,72
40,74,40,73
40,75,39,75,41,75,40,74
41,0,40,0,42,0,41,1
41,1,41,2
41,2,42,2,41,3
41,3,42,3,41,4
41,4,42,4,41,5
41,5,41,6
41,6,41,7
41,7,40,7,41,8
41,8,40,8,41,9
41,9,40,9,41,10
41,10,41,11
41,11,41,12
41,12,42,12,41,13
41,13,42,13,41,14
41,14,42,14,41,15
41,15,41,16
41,16,41,17
41,17,40,17,41,18
41,18,40,18,41,19
41,19,40,19,41,20
41,20,41,21
41,21,41,22
41,22,42,22,41,23
41,23,42,23,41,24
41,24,42,24,41,25
41,25,41,26
41,26,41,27
41,27,40,27,41,28
41,28,40,28,41,29
41,29,40,29,41,30
41,30,41,31
41,31,42,31,41,32
41,32,42,32,41,33
41,33,42,33,41,34
41,34,41,35
41,35,41,36
41,36,40,36,41,37
41,37,40,37,41,38
41,38,40,38,41,39
41,39,41,40
41,40,42,40,41,41
41,41,42,41,41,42
41,42,40,42,41,43
41,43,41,44
41,44,41,45
41,45,42,45,41,46
41,46,42,46,41,47
41,47,42,47,41,48
41,48,41,49
41,49,41,50
41,50,40,50,41,51
41,51,40,51,41,52
41,52,40,52,41,53
41,53,41,54
41,54,41,55
41,55,42,55,41,56
41,56,42,56,41,57
41,57,42,57,41,58
41,58,41,59
41,59,41,60
41,60,40,60,41,61
41,61,40,61,41,62
41,62,40,62,41,63
41,63,41,64
41,64,41,65
41,65,41,66
41,66,42,66,41,67
41,67,42,67,41,68
41,68,42,68,41,69
41,69,41,70
41,70,41,71
41,71,40,71,41,72
41,72,40,72,41,73
41,73,40,73,41,74
41,74,41,75
41,75,40,75,42,75
42,0,41,0,43,0,42,1
42,1,42,2
42,2,43,2,42,3
42,3,43,3,42,4
42,4,43,4,42,5
42,5,42,6
42,6,42,7
42,7,41,7,42,8
42,8,41,8,42,9
42,9,41,9,42,10
42,10,42,11
42,11,42,12
42,12,43,12,42,13
42,13,43,13,42,14
42,14,43,14,42,15
42,15,42,16
42,16,42,17
42,17,41,17,42,18
42,18,41,18,42,19
42,19,41,19,42,20
42,20,42,21
42,21,42,22
42,22,43,22,42,23
42,23,43,23,42,24
42,24,43,24,42,25
42,25,42,26
42,26,42,27
42,27,41,27,42,28
42,28,41,28,42,29
42,29,41,29,42,30
42,30,42,31
42,31,42,32
42,32,43,32,42,33
42,33,43,33,42,34
42,34,42,35
42,35,42,36
42,36,41,36,42,37
42,37,41,37,42,38
42,38,41,38,42,39
42,39,42,40
42,40,43,40,42,41
42,41,43,41,42,42
42,42,41,42,42,43
42,43,42,44
42,44,42,45
42,45,43,45,42,46
42,46,43,46,42,47
42,47,43,47,42,48
42,48,42,49
42,49,42,50
42,50,41,50,42,51
42,51,41,51,42,52
42,52,41,52,42,53
42,53,42,54
42,54,42,55
42,55,43,55,42,56
42,56,43,56,42,57
42,57,43,57,42,58
42,58,42,59
42,59,42,60
42,60,41,60,42,61
42,61,41,61,42,62
42,62,41,62,42,63
42,63,42,64
42,64,42,65
42,65,42,66
42,66,43,66,42,67
42,67,43,67,42,68
42,68,43,68,42,69
42,69,42,70
42,70,42,71
42,71,41,71,42,72
42,72,41,72,42,73
42,73,41,73,42,74
42,74,42,75
42,75,41,75,43,75
43,0,42,0,44,0
43,2,44,2
43,3,44,3
43,4,44,4
43,7,42,7
43,8,42,8
43,9,42,9
43,12,44,12
43,13,44,13
43,14,44,14
43,17,42,17
43,18,42,18
43,19,42,19
43,22,44,22
43,23,44,23
43,24,44,24
43,27,42,27
43,28,42,28
43,29,42,29
43,32,44,32
43,33,44,33
43,36,42,36
43,37,42,37
43,38,42,38
43,40,44,40
43,41,44,41
43,42,42,42
43,45,44,45
43,46,44,46
43,47,44,47
43,50,42,50
43,51,42,51
43,52,42,52
43,55,44,55
43,56,44,56
43,57,44,57
43,60,42,60
43,61,42,61
43,62,42,62
43,66,44,66
43,67,44,67
43,68,44,68
43,71,42,71
43,72,42,72
43,73,42,73
43,75,42,75,44,75
44,0,43,0,45,0
44,2,45,2
44,3,45,3
44,4,45,4
44,7,43,7
44,8,43,8
44,9,43,9
44,12,45,12
44,13,45,13
44,14,45,14
44,17,43,17
44,18,43,18
44,19,43,19
44,22,45,22
44,23,45,23
44,24,45,24
44,27,43,27
44,28,43,28
44,29,43,29
44,32,45,32
44,33,45,33
44,36,43,36
44,37,43,37
44,38,43,38
44,40,45,40
44,41,45,41
44,42,43,42
44,45,45,45
44,46,45,46
44,47,45,47
44,50,43,50
44,51,43,51
44,52,43,52
44,55,45,55
44,56,45,56
44,57,45,57
44,60,43,60
44,61,43,61
44,62,43,62
44,66,45,66
44,67,45,67
44,68,45,68
44,71,43,71
44,72,43,72
44,73,43,73
44,75,43,75,45,75
45,0,44,0,46,0
45,2,46,2
45,3,46,3
45,4,46,4
45,7,44,7
45,8,44,8
45,9,44,9
45,12,46,12
45,13,46,13
45,14,46,14
45,17,44,17
45,18,44,18
45,19,44,19
45,22,46,22
45,23,46,23
45,24,46,24
45,27,44,27
45,28,44,28
45,29,44,29
45,32,46,32
45,33,46,33
45,36,44,36
45,37,44,37
45,38,44,38
45,40,46,40
45,41,46,41
45,42,44,42
45,45,46,45
45,46,46,46
45,47,46,47
45,50,44,50
45,51,44,51
45,52,44,52
45,55,46,55
45,56,46,56
45,57,46,57
45,60,44,60
45,61,44,61
45,62,44,62
45,66,46,66
45,67,46,67
45,68,46,68
45,71,44,71
45,72,44,72
45,73,44,73
45,75,44,75,46,75
46,0,45,0,47,0
46,2,47,2
46,3,47,3
46,4,47,4
46,7,45,7
46,8,45,8
46,9,45,9
46,12,47,12
46,13,47,13
46,14,47,14
46,17,45,17
46,18,45,18
46,19,45,19
46,22,47,22
46,23,47,23
46,24,47,24
46,27,45,27
46,28,45,28
46,29,45,29
46,32,47,32
46,33,47,33
46,36,45,36
46,37,45,37
46,38,45,38
46,40,47,40
46,41,47,41
46,42,45,42
46,45,47,45
46,46,47,46
46,47,47,47
46,50,45,50
46,51,45,51
46,52,45,52
46,55,47,55
46,56,47,56
46,57,47,57
46,60,45,60
46,61,45,61
46,62,45,62
46,66,47,66
46,67,47,67
46,68,47,68
46,71,45,71
46,72,45,72
46,73,45,73
46,75,45,75,47,75
47,0,46,0,48,0
47,2,48,2
47,3,48,3
47,4,48,4
47,7,46,7
47,8,46,8
47,9,46,9
47,12,48,12
47,13,48,13
47,14,48,14
47,17,46,17
47,18,46,18
47,19,46,19
47,22,48,22
47,23,48,23
47,24,48,24
47,27,46,27
47,28,46,28
47,29,46,29
47,32,48,32
47,33,48,33
47,36,46,36
47,37,46,37
47,38,46,38
47,40,48,40
47,41,48,41
47,42,46,42
47,45,48,45
47,46,48,46
47,47,48,47
47,50,46,50
47,51,46,51
47,52,46,52
47,55,48,55
47,56,48,56
47,57,48,57
47,60,46,60
47,61,46,61
47,62,46,62
47,66,48,66
47,67,48,67
47,68,48,68
47,71,46,71
47,72,46,72
47,73,46,73
47,75,46,75,48,75
48,0,47,0,49,0
48,2,49,2
48,3,49,3
48,4,49,4
48,7,47,7
48,8,47,8
48,9,47,9
48,12,49,12
48,13,49,13
48,14,49,14
48,17,47,17
48,18,47,18
48,19,47,19
48,22,49,22
48,23,49,23
48,24,49,24
48,27,47,27
48,28,47,28
48,29,47,29
48,32,49,32
48,33,49,33
48,36,47,36
48,37,47,37
48,38,47,38
48,40,49,40
48,41,49,41
48,42,47,42
48,45,49,45
48,46,49,46
48,47,49,47
48,50,47,50
48,51,47,51
48,52,47,52
48,55,49,55
48,56,49,56
48,57,49,57
48,60,47,60
48,61,47,61
48,62,47,62
48,66,49,66
48,67,49,67
48,68,49,68
48,71,47,71
48,72,47,72
48,73,47,73
48,75,47,75,49,75
49,0,48,0,50,0
49,2,50,2
49,3,50,3
49,4,50,4
49,7,48,7
49,8,48,8
49,9,48,9
49,12,50,12
49,13,50,13
49,14,50,14
49,17,48,17
49,18,48,18
49,19,48,19
49,22,50,22
49,23,50,23
49,24,50,24
49,27,48,27
49,28,48,28
49,29,48,29
49,32,50,32
49,33,50,33
49,36,48,36
49,37,48,37
49,38,48,38
49,40,50,40
49,41,50,41
49,42,48,42
49,45,50,45
49,46,50,46
49,47,50,47
49,50,48,50
49,51,48,51
49,52,48,52
49,55,50,55
49,56,50,56
49,57,50,57
49,60,48,60
49,61,48,61
49,62,48,62
49,66,50,66
49,67,50,67
49,68,50,68
49,71,48,71
49,72,48,72
49,73,48,73
49,75,48,75,50,75
50,0,49,0,51,0
50,1,50,0
50,2,51,2,50,1
50,3,51,3,50,2
50,4,51,4,50,3
50,5,50,4
50,6,50,5
50,7,49,7,50,6
50,8,49,8,50,7
50,9,49,9,50,8
50,10,50,9
50,11,50,10
50,12,51,12,50,11
50,13,51,13,50,12
50,14,51,14,50,13
50,15,50,14
50,16,50,15
50,17,49,17,50,16
50,18,49,18,50,17
50,19,49,19,50,18
50,20,50,19
50,21,50,20
50,22,51,22,50,21
50,23,51,23,50,22
50,24,51,24,50,23
50,25,50,24
50,26,50,25
50,27,49,27,50,26
50,28,49,28,50,27
50,29,49,29,50,28
50,30,50,29
50,31,51,31,50,30
50,32,51,32,50,31
50,33,51,33,50,32
50,34,50,33
50,35,50,34
50,36,49,36,50,35
50,37,49,37,50,36
50,38,49,38,50,37
50,39,50,38
50,40,51,40,50,39
50,41,51,41,50,40
50,42,49,42,50,41
50,43,50,42
50,44,50,43
50,45,51,45,50,44
50,46,51,46,50,45
50,47,51,47,50,46
50,48,50,47
50,49,50,48
50,50,49,50,50,49
50,51,49,51,50,50
50,52,49,52,50,51
50,53,50,52
50,54,50,53
50,55,51,55,50,54
50,56,51,56,50,55
50,57,51,57,50,56
50,58,50,57
50,59,50,58
50,60,49,60,50,59
50,61,49,61,50,60
50,62,49,62,50,61
50,63,50,62
50,64,50,63
50,65,50,64
50,66,51,66,50,65
50,67,51,67,50,66
50,68,51,68,50,67
50,69,50,68
50,70,50,69
50,71,49,71,50,70
50,72,49,72,50,71
50,73,49,73,50,72
50,74,50,73
50,75,49,75,51,75,50,74
51,0,50,0,52,0
51,1,51,0
51,2,52,2,51,1
51,3,52,3,51,2
51,4,52,4,51,3
51,5,51,4
51,6,51,5
51,7,50,7,51,6
51,8,50,8,51,7
51,9,50,9,51,8
51,10,51,9
51,11,51,10
51,12,52,12,51,11
51,13,52,13,51,12
51,14,52,14,51,13
51,15,51,14
51,16,51,15
51,17,50,17,51,16
51,18,50,18,51,17
51,19,50,19,51,18
51,20,51,19
51,21,51,20
51,22,52,22,51,21
51,23,52,23,51,22
51,24,52,24,51,23
51,25,51,24
51,26,51,25
51,27,50,27,51,26
51,28,50,28,51,27
51,29,50,29,51,28
51,30,51,29
51,31,52,31,51,30
51,32,52,32,51,31
51,33,52,33,51,32
51,34,51,33
51,35,51,34
51,36,50,36,51,35
51,37,50,37,51,36
51,38,50,38,51,37
51,39,51,38
51,40,52,40,51,39
51,41,52,41,51,40
51,42,50,42,51,41
51,43,51,42
51,44,51,43
51,45,52,45,51,44
51,46,52,46,51,45
51,47,52,47,51,46
51,48,51,47
51,49,51,48
51,50,50,50,51,49
51,51,50,51,51,50
51,52,50,52,51,51
51,53,51,52
51,54,51,53
51,55,52,55,51,54
51,56,52,56,51,55
51,57,52,57,51,56
51,58,51,57
51,59,51,58
51,60,50,60,51,59
51,61,50,61,51,60
51,62,50,62,51,61
51,63,51,62
51,64,51,63
51,65,51,64
51,66,52,66,51,65
51,67,52,67,51,66
51,68,52,68,51,67
51,69,51,68
51,70,51,69
51,71,50,71,51,70
51,72,50,72,51,71
51,73,50,73,51,72
51,74,51,73
51,75,50,75,52,75,51,74
52,0,51,0,53,0,52,1
52,1,52,2
52,2,53,2,52,3
52,3,53,3,52,4
52,4,53,4,52,5
52,5,52,6
52,6,52,7
52,7,51,7,52,8
52,8,51,8,52,9
52,9,51,9,52,10
52,10,52,11
52,11,52,12
52,12,53,12,52,13
52,13,53,13,52,14
52,14,53,14,52,15
52,15,52,16
52,16,52,17
52,17,51,17,52,18
52,18,51,18,52,19
52,19,51,19,52,20
52,20,52,21
52,21,52,22
52,22,53,22,52,23
52,23,53,23,52,24
52,24,53,24,52,25
52,25,52,26
52,26,52,27
52,27,51,27,52,28
52,28,51,28,52,29
52,29,51,29,52,30
52,30,52,31
52,31,53,31,52,32
52,32,53,32,52,33
52,33,53,33,52,34
52,34,52,35
52,35,52,36
52,36,51,36,52,37
52,37,51,37,52,38
52,38,51,38,52,39
52,39,52,40
52,40,53,40,52,41
52,41,53,41,52,42
52,42,51,42,52,43
52,43,52,44
52,44,52,45
52,45,53,45,52,46
52,46,53,46,52,47
52,47,53,47,52,48
52,48,52,49
52,49,52,50
52,50,51,50,52,51
52,51,51,51,52,52
52,52,51,52,52,53
52,53,52,54
52,54,52,55
52,55,53,55,52,56
52,56,53,56,52,57
52,57,53,57,52,58
52,58,52,59
52,59,52,60
52,60,51,60,52,61
52,61,51,61,52,62
52,62,51,62,52,63
52,63,52,64
52,64,52,65
52,65,52,66
52,66,53,66,52,67
52,67,53,67,52,68
52,68,53,68,52,69
52,69,52,70
52,70,52,71
52,71,51,71,52,72
52,72,51,72,52,73
52,73,51,73,52,74
52,74,52,75
52,75,51,75,53,75
53,0,52,0,54,0,53,1
53,1,53,2
53,2,54,2,53,3
53,3,54,3,53,4
53,4,54,4,53,5
53,5,53,6
53,6,53,7
53,7,52,7,53,8
53,8,52,8,53,9
53,9,52,9,53,10
53,10,53,11
53,11,53,12
53,12,54,12,53,13
53,13,54,13,53,14
53,14,54,14,53,15
53,15,53,16
53,16,53,17
53,17,52,17,53,18
53,18,52,18,53,19
53,19,52,19,53,20
53,20,53,21
53,21,53,22
53,22,54,22,53,23
53,23,54,23,53,24
53,24,54,24,53,25
53,25,53,26
53,26,53,27
53,27,52,27,53,28
53,28,52,28,53,29
53,29,52,29,53,30
53,30,53,31
53,31,54,31,53,32
53,32,54,32,53,33
53,33,54,33,53,34
53,34,53,35
53,35,53,36
53,36,52,36,53,37
53,37,52,37,53,38
53,38,52,38,53,39
53,39,53,40
53,40,54,40,53,41
53,41,54,41,53,42
53,42,52,42,53,43
53,43,53,44
53,44,53,45
53,45,54,45,53,46
53,46,54,46,53,47
53,47,54,47,53,48
53,48,53,49
53,49,53,50
53,50,52,50,53,51
53,51,52,51,53,52
53,52,52,52,53,53
53,53,53,54
53,54,53,55
53,55,54,55,53,56
53,56,54,56,53,57
53,57,54,57,53,58
53,58,53,59
53,59,53,60
53,60,52,60,53,61
53,61,52,61,53,62
53,62,52,62,53,63
53,63,53,64
53,64,53,65
53,65,53,66
53,66,54,66,53,67
53,67,54,67,53,68
53,68,54,68,53,69
53,69,53,70
53,70,53,71
53,71,52,71,53,72
53,72,52,72,53,73
53,73,52,73,53,74
53,74,53,75
53,75,52,75,54,75
54,0,53,0,54,1
54,1,54,2
54,2,54,3
54,3,54,4
54,4,54,5
54,5,54,6
54,6,54,7
54,7,53,7,54,8
54,8,53,8,54,9
54,9,53,9,54,10
54,10,54,11
54,11,54,12
54,12,54,13
54,13,54,14
54,14,54,15
54,15,54,16
54,16,54,17
54,17,53,17,54,18
54,18,53,18,54,19
54,19,53,19,54,20
54,20,54,21
54,21,54,22
54,22,54,23
54,23,54,24
54,24,54,25
54,25,54,26
54,26,54,27
54,27,53,27,54,28
54,28,53,28,54,29
54,29,53,29,54,30
54,30,54,31
54,31,54,32
54,32,54,33
54,33,54,34
54,34,54,35
54,35,54,36
54,36,53,36,54,37
54,37,53,37,54,38
54,38,53,38,54,39
54,39,54,40
54,40,55,40,54,41
54,41,55,41,54,42
54,42,53,42,54,43
54,43,54,44
54,44,54,45
54,45,55,45,54,46
54,46,55,46,54,47
54,47,55,47,54,48
54,48,54,49
54,49,54,50
54,50,53,50,54,51
54,51,53,51,54,52
54,52,53,52,54,53
54,53,54,54
54,54,54,55
54,55,55,55,54,56
54,56,55,56,54,57
54,57,55,57,54,58
54,58,54,59
54,59,54,60
54,60,53,60,54,61
54,61,53,61,54,62
54,62,53,62,54,63
54,63,54,64
54,64,54,65
54,65,54,66
54,66,55,66,54,67
54,67,55,67,54,68
54,68,55,68,54,69
54,69,54,70
54,70,54,71
54,71,53,71,54,72
54,72,53,72,54,73
54,73,53,73,54,74
54,74,54,75
54,75,53,75
55,40,56,40
55,41,56,41
55,42,54,42
55,45,56,45
55,46,56,46
55,47,56,47
55,50,54,50
55,51,54,51
55,52,54,52
55,55,56,55
55,56,56,56
55,57,56,57
55,60,54,60
55,61,54,61
55,62,54,62
55,66,56,66
55,67,56,67
55,68,56,68
55,71,54,71
55,72,54,72
55,73,54,73
56,40,57,40
56,41,57,41
56,42,55,42
56,45,57,45
56,46,57,46
56,47,57,47
56,50,55,50
56,51,55,51
56,52,55,52
56,55,57,55
56,56,57,56
56,57,57,57
56,60,55,60
56,61,55,61
56,62,55,62
56,66,57,66
56,67,57,67
56,68,57,68
56,71,55,71
56,72,55,72
56,73,55,73
57,40,58,40
57,41,58,41
57,42,56,42
57,45,58,45
57,46,58,46
57,47,58,47
57,50,56,50
57,51,56,51
57,52,56,52
57,55,58,55
57,56,58,56
57,57,58,57
57,60,56,60
57,61,56,61
57,62,56,62
57,66,58,66
57,67,58,67
57,68,58,68
57,71,56,71
57,72,56,72
57,73,56,73
58,40,59,40
58,41,59,41
58,42,57,42
58,45,59,45
58,46,59,46
58,47,59,47
58,50,57,50
58,51,57,51
58,52,57,52
58,55,59,55
58,56,59,56
58,57,59,57
58,60,57,60
58,61,57,61
58,62,57,62
58,66,59,66
58,67,59,67
58,68,59,68
58,71,57,71
58,72,57,72
58,73,57,73
59,40,60,40
59,41,60,41
59,42,58,42
59,45,60,45
59,46,60,46
59,47,60,47
59,50,58,50
59,51,58,51
59,52,58,52
59,55,60,55
59,56,60,56
59,57,60,57
59,60,58,60
59,61,58,61
59,62,58,62
59,66,60,66
59,67,60,67
59,68,60,68
59,71,58,71
59,72,58,72
59,73,58,73
60,40,61,40
60,41,61,41
60,42,59,42
60,45,61,45
60,46,61,46
60,47,61,47
60,50,59,50
60,51,59,51
60,52,59,52
60,55,61,55
60,56,61,56
60,57,61,57
60,60,59,60
60,61,59,61
60,62,59,62
60,66,61,66
60,67,61,67
60,68,61,68
60,71,59,71
60,72,59,72
60,73,59,73
61,40,62,40
61,41,62,41
61,42,60,42
61,45,62,45
61,46,62,46
61,47,62,47
61,50,60,50
61,51,60,51
61,52,60,52
61,55,62,55
61,56,62,56
61,57,62,57
61,60,60,60
61,61,60,61
61,62,60,62
61,66,62,66
61,67,62,67
61,68,62,68
61,71,60,71
61,72,60,72
61,73,60,73
62,40,63,40
62,41,63,41
62,42,61,42
62,45,63,45
62,46,63,46
62,47,63,47
62,50,61,50
62,51,61,51
62,52,61,52
62,55,63,55
62,56,63,56
62,57,63,57
62,60,61,60
62,61,61,61
62,62,61,62
62,66,63,66
62,67,63,67
62,68,63,68
62,71,61,71
62,72,61,72
62,73,61,73
63,40,64,40
63,41,64,41
63,42,62,42
63,45,64,45
63,46,64,46
63,47,64,47
63,50,62,50
63,51,62,51
63,52,62,52
63,55,64,55
63,56,64,56
63,57,64,57
63,60,62,60
63,61,62,61
63,62,62,62
63,66,64,66
63,67,64,67
63,68,64,68
63,71,62,71
63,72,62,72
63,73,62,73
64,40,65,40
64,41,65,41
64,42,63,42
64,45,65,45
64,46,65,46
64,47,65,47
64,50,63,50
64,51,63,51
64,52,63,52
64,55,65,55
64,56,65,56
64,57,65,57
64,60,63,60
64,61,63,61
64,62,63,62
64,66,65,66
64,67,65,67
64,68,65,68
64,71,63,71
64,72,63,72
64,73,63,73
65,40,66,40
65,41,66,41
65,42,64,42
65,45,66,45
65,46,66,46
65,47,66,47
65,50,64,50
65,51,64,51
65,52,64,52
65,55,66,55
65,56,66,56
65,57,66,57
65,60,64,60
65,61,64,61
65,62,64,62
65,66,66,66
65,67,66,67
65,68,66,68
65,71,64,71
65,72,64,72
65,73,64,73
66,40,67,40
66,41,67,41
66,42,65,42
66,45,67,45
66,46,67,46
66,47,67,47
66,50,65,50
66,51,65,51
66,52,65,52
66,55,67,55
66,56,67,56
66,57,67,57
66,60,65,60
66,61,65,61
66,62,65,62
66,66,67,66
66,67,67,67
66,68,67,68
66,71,65,71
66,72,65,72
66,73,65,73
67,40,68,40
67,41,68,41
67,42,66,42
67,45,68,45
67,46,68,46
67,47,68,47
67,50,66,50
67,51,66,51
67,52,66,52
67,55,68,55
67,56,68,56
67,57,68,57
67,60,66,60
67,61,66,61
67,62,66,62
67,66,68,66
67,67,68,67
67,68,68,68
67,71,66,71
67,72,66,72
67,73,66,73
68,40,69,40
68,41,69,41
68,42,67,42
68,45,69,45
68,46,69,46
68,47,69,47
68,50,67,50
68,51,67,51
68,52,67,52
68,55,69,55
68,56,69,56
68,57,69,57
68,60,67,60
68,61,67,61
68,62,67,62
68,66,69,66
68,67,69,67
68,68,69,68
68,71,67,71
68,72,67,72
68,73,67,73
69,40,70,40
69,41,70,41
69,42,68,42
69,45,70,45
69,46,70,46
69,47,70,47
69,50,68,50
69,51,68,51
69,52,68,52
69,55,70,55
69,56,70,56
69,57,70,57
69,60,68,60
69,61,68,61
69,62,68,62
69,66,70,66
69,67,70,67
69,68,70,68
69,71,68,71
69,72,68,72
69,73,68,73
70,40,71,40
70,41,71,41
70,42,69,42
70,45,71,45
70,46,71,46
70,47,71,47
70,50,69,50
70,51,69,51
70,52,69,52
70,55,71,55
70,56,71,56
70,57,71,57
70,60,69,60
70,61,69,61
70,62,69,62
70,66,71,66
70,67,71,67
70,68,71,68
70,71,69,71
70,72,69,72
70,73,69,73
71,40,72,40
71,41,72,41
71,42,70,42
71,45,72,45
71,46,72,46
71,47,72,47
71,50,70,50
71,51,70,51
71,52,70,52
71,55,72,55
71,56,72,56
71,57,72,57
71,60,70,60
71,61,70,61
71,62,70,62
71,66,72,66
71,67,72,67
71,68,72,68
71,71,70,71
71,72,70,72
71,73,70,73
72,40,73,40
72,41,73,41
72,42,71,42
72,45,73,45
72,46,73,46
72,47,73,47
72,50,71,50
72,51,71,51
72,52,71,52
72,55,73,55
72,56,73,56
72,57,73,57
72,60,71,60
72,61,71,61
72,62,71,62
72,66,73,66
72,67,73,67
72,68,73,68
72,71,71,71
72,72,71,72
72,73,71,73
73,40,74,40
73,41,74,41
73,42,72,42
73,45,74,45
73,46,74,46
73,47,74,47
73,50,72,50
73,51,72,51
73,52,72,52
73,55,74,55
73,56,74,56
73,57,74,57
73,60,72,60
73,61,72,61
73,62,72,62
73,66,74,66
73,67,74,67
73,68,74,68
73,71,72,71
73,72,72,72
73,73,72,73
74,40,75,40
74,41,75,41
74,42,73,42
74,45,75,45
74,46,75,46
74,47,75,47
74,50,73,50
74,51,73,51
74,52,73,52
74,55,75,55
74,56,75,56
74,57,75,57
74,60,73,60
74,61,73,61
74,62,73,62
74,66,75,66
74,67,75,67
74,68,75,68
74,71,73,71
74,72,73,72
74,73,73,73
75,40,76,40
75,41,76,41
75,42,74,42
75,45,76,45
75,46,76,46
75,47,76,47
75,50,74,50
75,51,74,51
75,52,74,52
75,55,76,55
75,56,76,56
75,57,76,57
75,60,74,60
75,61,74,61
75,62,74,62
75,66,76,66
75,67,76,67
75,68,76,68
75,71,74,71
75,72,74,72
75,73,74,73
76,40,77,40
76,41,77,41,76,40
76,42,75,42,76,41
76,43,76,42
76,44,76,43
76,45,77,45,76,44
76,46,77,46,76,45
76,47,77,47,76,46
76,48,76,47
76,49,76,48
76,50,75,50,76,49
76,51,75,51,76,50
76,52,75,52,76,51
76,53,76,52
76,54,76,53
76,55,77,55,76,54
76,56,77,56,76,55
76,57,77,57,76,56
76,58,76,57
76,59,76,58
76,60,75,60,76,59
76,61,75,61,76,60
76,62,75,62,76,61
76,63,76,62
76,64,76,63
76,65,76,64
76,66,77,66,76,65
76,67,77,67,76,66
76,68,77,68,76,67
76,69,76,68
76,70,76,69
76,71,75,71,76,70
76,72,75,72,76,71
76,73,75,73,76,72
77,40,78,40
77,41,78,41,77,40
77,42,76,42,77,41
77,43,77,42
77,44,77,43
77,45,78,45,77,44
77,46,78,46,77,45
77,47,78,47,77,46
77,48,77,47
77,49,77,48
77,50,76,50,77,49
77,51,76,51,77,50
77,52,76,52,77,51
77,53,77,52
77,54,77,53
77,55,78,55,77,54
77,56,78,56,77,55
77,57,78,57,77,56
77,58,77,57
77,59,77,58
77,60,76,60,77,59
77,61,76,61,77,60
77,62,76,62,77,61
77,63,77,62
77,64,77,63
77,65,77,64
77,66,78,66,77,65
77,67,78,67,77,66
77,68,78,68,77,67
77,69,77,68
77,70,77,69
77,71,76,71,77,70
77,72,76,72,77,71
77,73,76,73,77,72
78,40,79,40,78,41
78,41,79,41,78,42
78,42,77,42,78,41
78,43,78,44
78,44,78,45
78,45,79,45,78,46
78,46,79,46,78,47
78,47,79,47,78,48
78,48,78,49
78,49,78,50
78,50,77,50,78,51
78,51,77,51,78,52
78,52,77,52,78,53
78,53,78,54
78,54,78,55
78,55,79,55,78,56
78,56,79,56,78,57
78,57,79,57,78,58
78,58,78,59
78,59,78,60
78,60,77,60,78,61
78,61,77,61,78,62
78,62,77,62,78,63
78,63,78,64
78,64,78,65
78,65,78,66
78,66,79,66,78,67
78,67,79,67,78,68
78,68,79,68,78,69
78,69,78,70
78,70,78,71
78,71,77,71,78,72
78,72,77,72,78,73
78,73,77,73
79,40,80,40,79,41
79,41,80,41,79,42
79,42,78,42,79,41
79,43,79,44
79,44,79,45
79,45,80,45,79,46
79,46,80,46,79,47
79,47,80,47,79,48
79,48,79,49
79,49,79,50
79,50,78,50,79,51
79,51,78,51,79,52
79,52,78,52,79,53
79,53,79,54
79,54,79,55
79,55,80,55,79,56
79,56,80,56,79,57
79,57,80,57,79,58
79,58,79,59
79,59,79,60
79,60,78,60,79,61
79,61,78,61,79,62
79,62,78,62,79,63
79,63,79,64
79,64,79,65
79,65,79,66
79,66,80,66,79,67
79,67,80,67,79,68
79,68,80,68,79,69
79,69,79,70
79,70,79,71
79,71,78,71,79,72
79,72,78,72,79,73
79,73,78,73
80,40,80,41
80,41,80,42
80,42,79,42,80,41
80,43,80,44
80,44,80,45
80,45,80,46
80,46,80,47
80,47,80,48
80,48,80,49
80,49,80,50
80,50,79,50,80,51
80,51,79,51,80,52
80,52,79,52,80,53
80,53,80,54
80,54,80,55
80,55,80,56
80,56,80,57
80,57,80,58
80,58,80,59
80,59,80,60
80,60,79,60,80,61
80,61,79,61,80,62
80,62,79,62,80,63
80,63,80,64
80,64,80,65
80,65,80,66
80,66,81,66,80,67
80,67,81,67,80,68
80,68,81,68,80,69
80,69,80,70
80,70,80,71
80,71,79,71,80,72
80,72,79,72,80,73
80,73,79,73
81,60,80,60
81,61,80,61
81,62,80,62
81,66,82,66
81,67,82,67
81,68,82,68
81,71,80,71
81,72,80,72
81,73,80,73
82,60,81,60
82,61,81,61
82,62,81,62
82,66,83,66
82,67,83,67
82,68,83,68
82,71,81,71
82,72,81,72
82,73,81,73
83,60,82,60
83,61,82,61
83,62,82,62
83,66,84,66
83,67,84,67
83,68,84,68
83,71,82,71
83,72,82,72
83,73,82,73
84,60,83,60
84,61,83,61
84,62,83,62
84,66,85,66
84,67,85,67
84,68,85,68
84,71,83,71
84,72,83,72
84,73,83,73
85,60,84,60
85,61,84,61
85,62,84,62
85,66,86,66
85,67,86,67
85,68,86,68
85,71,84,71
85,72,84,72
85,73,84,73
86,60,85,60
86,61,85,61
86,62,85,62
86,66,87,66
86,67,87,67
86,68,87,68
86,71,85,71
86,72,85,72
86,73,85,73
87,60,86,60
87,61,86,61
87,62,86,62
87,66,88,66
87,67,88,67
87,68,88,68
87,71,86,71
87,72,86,72
87,73,86,73
88,60,87,60
88,61,87,61
88,62,87,62
88,66,89,66
88,67,89,67
88,68,89,68
88,71,87,71
88,72,87,72
88,73,87,73
89,60,88,60
89,61,88,61
89,62,88,62
89,66,90,66
89,67,90,67
89,68,90,68
89,71,88,71
89,72,88,72
89,73,88,73
90,60,89,60
90,61,89,61
90,62,89,62
90,66,91,66
90,67,91,67
90,68,91,68
90,71,89,71
90,72,89,72
90,73,89,73
91,60,90,60
91,61,90,61
91,62,90,62
91,66,92,66
91,67,92,67
91,68,92,68
91,71,90,71
91,72,90,72
91,73,90,73
92,60,91,60
92,61,91,61
92,62,91,62
92,66,93,66
92,67,93,67
92,68,93,68
92,71,91,71
92,72,91,72
92,73,91,73
93,60,92,60
93,61,92,61
93,62,92,62
93,66,94,66
93,67,94,67
93,68,94,68
93,71,92,71
93,72,92,72
93,73,92,73
94,60,93,60
94,61,93,61
94,62,93,62
94,66,95,66
94,67,95,67
94,68,95,68
94,71,93,71
94,72,93,72
94,73,93,73
95,60,94,60
95,61,94,61
95,62,94,62
95,66,96,66
95,67,96,67
95,68,96,68
95,71,94,71
95,72,94,72
95,73,94,73
96,60,95,60
96,61,95,61
96,62,95,62
96,66,97,66
96,67,97,67
96,68,97,68
96,71,95,71
96,72,95,72
96,73,95,73
97,60,96,60
97,61,96,61
97,62,96,62
97,66,98,66
97,67,98,67
97,68,98,68
97,71,96,71
97,72,96,72
97,73,96,73
98,60,97,60
98,61,97,61
98,62,97,62
98,66,99,66
98,67,99,67
98,68,99,68
98,71,97,71
98,72,97,72
98,73,97,73
99,60,98,60,99,61
99,61,98,61,99,60,99,62
99,62,98,62,99,61,99,63
99,63,99,62,99,64
99,64,99,63,99,65
99,65,99,64,99,66
99,66,100,66,99,65,99,67
99,67,100,67,99,66,99,68
99,68,100,68,99,67,99,69
99,69,99,68,99,70
99,70,99,69,99,71
99,71,98,71,99,70,99,72
99,72,98,72,99,71,99,73
99,73,98,73,99,72
100,60,99,60,100,61
100,61,99,61,100,60,100,62
100,62,99,62,100,61,100,63
100,63,100,62,100,64
100,64,100,63,100,65
100,65,100,64,100,66
100,66,100,65,100,67
100,67,100,66,100,68
100,68,100,67,100,69
100,69,100,68,100,70
100,70,100,69,100,71
100,71,99,71,100,70,100,72
100,72,99,72,100,71,100,73
100,73,99,73,100,72
